{"cameraMode":{"drawMode":0,"name":"Shaded","section":"Shading Mode"},"sceneLighting":true,"audioPlay":false,"sceneViewState":{"showFog":true,"showMaterialUpdate":false,"showSkybox":true,"showFlares":true,"showImageEffects":true,"showParticleSystems":true},"in2DMode":false,"pivot":{"x":2.3438804149627687,"y":-4.0070905685424809,"z":0.4541316032409668},"rotation":{"x":0.31219980120658877,"y":0.32688549160957339,"z":-0.11537797749042511,"w":0.8845186233520508},"size":10.838090896606446,"orthographic":false}
