{"cameraMode":{"drawMode":0,"name":"Shaded","section":"Shading Mode"},"sceneLighting":true,"audioPlay":false,"sceneViewState":{"showFog":true,"showMaterialUpdate":false,"showSkybox":true,"showFlares":true,"showImageEffects":true,"showParticleSystems":true},"in2DMode":false,"pivot":{"x":1.8779358863830567,"y":-1.8446838855743409,"z":2.806823492050171},"rotation":{"x":0.29884615540504458,"y":0.28203311562538149,"z":-0.09293436259031296,"w":0.9069293737411499},"size":8.798367500305176,"orthographic":false}